{
  "project_info": {
    "project_number": "1061990357969",
    "project_id": "fir-app-df590",
    "storage_bucket": "fir-app-df590.firebasestorage.app"
  },
  "client": [
    {
      "client_info": {
        "mobilesdk_app_id": "1:1061990357969:android:a5160e314f204ff8b5def0",
        "android_client_info": {
          "package_name": "com.example.firebaseapp"
        }
      },
      "oauth_client": [],
      "api_key": [
        {
          "current_key": "AIzaSyC_0P0haoTcl-oaTSERmFfSwpapyydCbF0"
        }
      ],
      "services": {
        "appinvite_service": {
          "other_platform_oauth_client": []
        }
      }
    }
  ],
  "configuration_version": "1"
}